,Topic,Count,TopicLabel,WordScore,Sentiment
0,-1,3130,-1_travel_health_amp_sir,"[('travel', 0.004229511173020179), ('health', 0.00367015198239234), ('amp', 0.003361699737993149), ('sir', 0.0032272548314015133), ('lockdown', 0.0029603224368685383), ('people', 0.002956126040338552), ('please', 0.0029346942350388272), ('medical', 0.002842176324488575), ('one', 0.0028091398003771135), ('emergency', 0.002647339138802302)]",negative
1,0,3244,0_travel_voucher_lockdown_please,"[('travel', 0.004701624695787496), ('voucher', 0.004450240482767353), ('lockdown', 0.004156229837331292), ('please', 0.0036131118121026404), ('covid19', 0.003492092726560928), ('health', 0.003166523151790148), ('people', 0.0031087142213347217), ('covid', 0.0031011088670953573), ('india', 0.003060709244699935), ('amp', 0.0029746496252186804)]",negative
2,1,664,1_follow_respiratory hygiene stay_follow social distanacing_frequently follow social,"[('follow', 0.03337884327563396), ('respiratory hygiene stay', 0.02779030139661355), ('follow social distanacing', 0.02779030139661355), ('frequently follow social', 0.02779030139661355), ('distanacing practice respiratory', 0.02779030139661355), ('message wash', 0.02779030139661355), ('hygiene stay home', 0.02779030139661355), ('hands frequently follow', 0.02779030139661355), ('hygiene stay', 0.02779030139661355), ('spread message wash', 0.02779030139661355)]",negative
3,2,237,2_pandemic_coronavirus_covid19_coronavirus pandemic,"[('pandemic', 0.014990311854261537), ('coronavirus', 0.013936373448094749), ('covid19', 0.012427299622118592), ('coronavirus pandemic', 0.010871393665512971), ('coronavirus pandemic stayhomestaysafe', 0.010506173866902602), ('covid nagpur maharashtra', 0.010506173866902602), ('covid nagpur', 0.010506173866902602), ('stayhomestaysafe covid', 0.010506173866902602), ('recovered recover', 0.010506173866902602), ('nagpur maharashtra newsupdate', 0.010506173866902602)]",negative
4,3,193,3_sipgrab unitingpeoplewiththepossibilities_sipgrab_unitingpeoplewiththepossibilities_nifty,"[('sipgrab unitingpeoplewiththepossibilities', 0.044565457442808334), ('sipgrab', 0.044565457442808334), ('unitingpeoplewiththepossibilities', 0.044565457442808334), ('nifty', 0.04047989493158858), ('nifty sipgrab unitingpeoplewiththepossibilities', 0.04023593761489178), ('nifty sipgrab', 0.04023593761489178), ('sales', 0.02297274879613446), ('vaccine', 0.01658583078747831), ('billion', 0.010638894332119089), ('covid', 0.009876840356556855)]",negative
5,4,136,4_mask_wearing_masks_wearing mask,"[('mask', 0.03682641626996163), ('wearing', 0.030268295209711457), ('masks', 0.02140151763317805), ('wearing mask', 0.021137621748904673), ('car', 0.010864723434628866), ('wear', 0.010507680445038444), ('people', 0.009629170052909834), ('wear mask', 0.009050159005188052), ('wearing masks', 0.008947810379637034), ('face', 0.008677697408750622)]",negative
6,5,112,5_savetravelindustry_covid19_covid19 may_relief4travel,"[('savetravelindustry', 0.010427237197219033), ('covid19', 0.009124207585545125), ('covid19 may', 0.008807671212505183), ('relief4travel', 0.008807671212505183), ('amp', 0.008430760405897847), ('forever', 0.007682237449486859), ('till', 0.007552796489148746), ('amp savetravelindustry', 0.007443453444521446), ('shift travel business', 0.007443453444521446), ('business indian', 0.007443453444521446)]",negative
7,6,84,6_students_exams_conducting_protocols forum,"[('students', 0.056717112516558), ('exams', 0.036110042054146925), ('conducting', 0.020812640171473384), ('protocols forum', 0.016914455376849803), ('protocols forum supporting', 0.016914455376849803), ('safety protocols forum', 0.016914455376849803), ('exams students', 0.016014391672330288), ('course students distant', 0.016013294657189515), ('learning course', 0.016013294657189515), ('course students', 0.016013294657189515)]",negative
8,7,84,7_stayhome_staysafe_stayhealthy_stayhome staysafe,"[('stayhome', 0.03664926787680154), ('staysafe', 0.02799524510053372), ('stayhealthy', 0.027778440683365112), ('stayhome staysafe', 0.02396941684331766), ('covid19', 0.01717962533646765), ('staystrong', 0.014840543922246343), ('coronavirus', 0.013928021078197775), ('quarantine stayhome', 0.013583766264389641), ('bengaluru mandya', 0.013583766264389641), ('mandya', 0.013583766264389641)]",negative
9,8,58,8_protest_caa_shaheen_anti,"[('protest', 0.0484506962153685), ('caa', 0.013063874209501173), ('shaheen', 0.009221301003267408), ('anti', 0.008545940913285118), ('message', 0.008291421264439805), ('protests', 0.008085343125816106), ('property', 0.007853214924446378), ('peaceful', 0.00758242493804506), ('violent', 0.007365169642533524), ('sindh', 0.006869054489880439)]",negative
10,9,57,9_issue also studentsconsider_scheduled augfor_neeedful_also studentsconsider,"[('issue also studentsconsider', 0.06040260746132273), ('scheduled augfor', 0.06040260746132273), ('neeedful', 0.06040260746132273), ('also studentsconsider', 0.06040260746132273), ('neeedful covid19', 0.06040260746132273), ('aspirantstravelling issue also', 0.06040260746132273), ('safety reasons aspirantstravelling', 0.06040260746132273), ('augfor safety', 0.06040260746132273), ('augfor safety reasons', 0.06040260746132273), ('bihar judiciary', 0.06040260746132273)]",negative
11,10,52,10_symptoms_weeks_cough_history symptoms complacent,"[('symptoms', 0.02812828702811193), ('weeks', 0.017432265652905964), ('cough', 0.014340323525226253), ('history symptoms complacent', 0.013380003562184205), ('amp self monitor', 0.013380003562184205), ('symptoms hence', 0.013380003562184205), ('symptoms complacent', 0.013380003562184205), ('monitor health condition', 0.013380003562184205), ('symptoms complacent must', 0.013380003562184205), ('covid19 patient', 0.013380003562184205)]",negative
12,11,50,11_singapore_travel singapore_thailand_malaysia,"[('singapore', 0.05884421505722125), ('travel singapore', 0.022146574711461833), ('thailand', 0.017300115445455747), ('malaysia', 0.016752039566226035), ('jan', 0.01628192068819385), ('travellers', 0.015367901053114162), ('indians', 0.01519305526392096), ('travel', 0.01324581433778672), ('countries', 0.012118649077133089), ('steps', 0.010241941885371591)]",negative
13,12,47,12_stay_safe_stay safe_wear,"[('stay', 0.03310867386883498), ('safe', 0.028667420740444382), ('stay safe', 0.028587570089901093), ('wear', 0.025781307836800094), ('wear mask', 0.022438918700314996), ('mask', 0.020610154976998956), ('stay home stay', 0.02015133681799127), ('unite2fightcorona', 0.020048284780783222), ('home stay', 0.019512932890630445), ('dont', 0.01844443233844655)]",negative
14,13,46,13_insurance_policy_health insurance_renewal,"[('insurance', 0.048309687721222294), ('policy', 0.04680589168810374), ('health insurance', 0.034703415735244665), ('renewal', 0.015388358914572624), ('service', 0.014334941315579526), ('health', 0.012519311769063946), ('roop', 0.011556867654952693), ('ncb', 0.011556867654952693), ('company', 0.011482409243181727), ('messages', 0.010239104021917701)]",negative
15,14,43,14_tobacco_smoking_sale_nicotine,"[('tobacco', 0.04113118400083442), ('smoking', 0.03112984794889783), ('sale', 0.01962870753519217), ('nicotine', 0.016362514682769818), ('chewing', 0.016362514682769818), ('cigarettes', 0.01501568872604089), ('ban', 0.014346912115710445), ('lower', 0.01411160025154736), ('banned', 0.012277638102579777), ('sale tobacco', 0.011962802698817894)]",negative
16,15,43,15_amp_amp situation_situation_travel amp,"[('amp', 0.03134653337608784), ('amp situation', 0.012365248187022119), ('situation', 0.010108768610339635), ('travel amp', 0.009169659418572606), ('travel', 0.00897249147874502), ('amp ask', 0.008467915597824857), ('lesser', 0.008053796506121718), ('pls', 0.007684998108743099), ('mumbai amp', 0.007615036955296829), ('finally', 0.007292494648296821)]",negative
17,16,39,16_jointly fight together_pakistanarmy_loc moment_jointly fight,"[('jointly fight together', 0.04453277333571166), ('pakistanarmy', 0.04453277333571166), ('loc moment', 0.04453277333571166), ('jointly fight', 0.04453277333571166), ('jointly', 0.04453277333571166), ('indianarmy pakistanarmy jointly', 0.04453277333571166), ('indianarmy pakistanarmy', 0.04453277333571166), ('pakistanarmy jointly', 0.04453277333571166), ('forget loc moment', 0.04453277333571166), ('forget loc', 0.04453277333571166)]",negative
18,17,37,17_bjp_party_worker_party worker,"[('bjp', 0.035025030851812536), ('party', 0.02730914995303138), ('worker', 0.025163399103276394), ('party worker', 0.015845134587752246), ('bjp workers', 0.011435212425946951), ('modiji', 0.010865649884801274), ('accused', 0.010563423058501498), ('hate', 0.010400853697564395), ('workers', 0.00978883772254711), ('festival', 0.009762121092348116)]",negative
19,18,37,18_china_coronavirus_declares coronavirus_health emergency,"[('china', 0.057973564314280586), ('coronavirus', 0.023793345546508936), ('declares coronavirus', 0.02058338236670451), ('health emergency', 0.020007575253666466), ('public health', 0.019189405215742698), ('declares', 0.01845444645187267), ('travel china', 0.017152818638920427), ('public health emergency', 0.01537870537656056), ('country', 0.015007994570550605), ('jan', 0.014924258993885994)]",negative
20,19,37,19_whatsapp_messages_whatsapp messages_circulated whatsapp,"[('whatsapp', 0.0613400501908777), ('messages', 0.020026055676764163), ('whatsapp messages', 0.01926345359182551), ('circulated whatsapp', 0.018153593674841158), ('fake', 0.016849342583208204), ('circulated', 0.016059319964973864), ('groups', 0.01451664144914666), ('whatsapp groups', 0.012431865233170279), ('official', 0.012168607483340664), ('getting', 0.011730480383465833)]",negative
21,20,37,20_pharmacists_2500contract_survive plz exam_2500contract basis pharmacists,"[('pharmacists', 0.18658068306098247), ('2500contract', 0.10587992174841464), ('survive plz exam', 0.10587992174841464), ('2500contract basis pharmacists', 0.10587992174841464), ('2500contract basis', 0.10587992174841464), ('fresher pharmacists', 0.10587992174841464), ('plz exam held', 0.10587992174841464), ('pharmacists survive plz', 0.10587992174841464), ('fresher pharmacists survive', 0.10587992174841464), ('fresher', 0.10587992174841464)]",negative
22,21,35,21_suicide_die_life_wearing white coats,"[('suicide', 0.02173685732632826), ('die', 0.015346699299316419), ('life', 0.01488464012620625), ('wearing white coats', 0.013029659683418229), ('virtuous worker', 0.013029659683418229), ('virtuous', 0.013029659683418229), ('wearing white', 0.013029659683418229), ('read beautiful message', 0.013029659683418229), ('read beautiful', 0.013029659683418229), ('health minister', 0.012977160452403548)]",negative
23,22,34,22_quarantine_mysore_medical certificate quarantine_certificate quarantine,"[('quarantine', 0.03945204098568425), ('mysore', 0.029718309038488648), ('medical certificate quarantine', 0.025478739966179487), ('certificate quarantine', 0.025478739966179487), ('medical certificate', 0.02234588173625126), ('quarantined', 0.01916675408656173), ('certificate', 0.018919661240632754), ('quarantine dont feel', 0.01807999802480802), ('quarantine dont', 0.01807999802480802), ('travel mysore medical', 0.01807999802480802)]",negative
24,23,34,23_appears_religious_religious christians_cures either people,"[('appears', 0.032509454188125245), ('religious', 0.028845772083525192), ('religious christians', 0.02815819294299821), ('cures either people', 0.02815819294299821), ('fails develop local', 0.02815819294299821), ('develop local health', 0.02815819294299821), ('fails develop', 0.02815819294299821), ('bad heartless', 0.02815819294299821), ('revolution many african', 0.02815819294299821), ('revolution many', 0.02815819294299821)]",negative
25,24,33,24_claim_health checkup_hospitals cashless_tax benefits,"[('claim', 0.06893652000941133), ('health checkup', 0.047787036187319686), ('hospitals cashless', 0.04689604249198186), ('tax benefits', 0.04689604249198186), ('claim tax', 0.04689604249198186), ('buy health plan', 0.04689604249198186), ('10 lac', 0.04689604249198186), ('bonus claim tax', 0.04689604249198186), ('claim assistance', 0.04689604249198186), ('claim tax benefits', 0.04689604249198186)]",negative
26,25,32,25_goa_permit_19 negative_covid 19 negative,"[('goa', 0.04851105710195611), ('permit', 0.035383379239744356), ('19 negative', 0.03204054456595667), ('covid 19 negative', 0.03204054456595667), ('travel permit', 0.03116303005314834), ('goa border', 0.0297855727882667), ('negative', 0.02640443987020809), ('border', 0.02421491686004649), ('allow', 0.022158767830406895), ('india covid19 coronavirus', 0.021136174626157873)]",negative
27,26,32,26_fake_misinformation amp_fake news_misinformation,"[('fake', 0.03258358290216327), ('misinformation amp', 0.03252161979777789), ('fake news', 0.03230093873852211), ('misinformation', 0.031630929775520684), ('social media', 0.028981138725665954), ('news', 0.02852795179636556), ('vaccine', 0.023928020716629108), ('media', 0.023551861340910293), ('circulating', 0.02286034795911735), ('fakenewsalert', 0.022717039494652643)]",negative
28,27,31,27_inbox_message_indiafightscoronavirus life health_story gtgt marriage,"[('inbox', 0.024414595872915935), ('message', 0.018069106559577202), ('indiafightscoronavirus life health', 0.017261921405404442), ('story gtgt marriage', 0.017261921405404442), ('17th 2020 message', 0.017261921405404442), ('2020 message', 0.017261921405404442), ('17th 2020', 0.017261921405404442), ('family love covid19', 0.017261921405404442), ('accepted full story', 0.017261921405404442), ('accepted full', 0.017261921405404442)]",negative
29,28,31,28_token_emergency_pass_medical emergency,"[('token', 0.03198236540141508), ('emergency', 0.03141521579945113), ('pass', 0.028506392486075196), ('medical emergency', 0.02582153880685177), ('emergency travel', 0.02506877962504658), ('application', 0.02432578788008117), ('tomorrow', 0.023555700948968996), ('help token', 0.02248604796362678), ('medical', 0.021660608690799454), ('token id', 0.021520442704218965)]",negative
30,29,30,29_vaccine_approved emergency usage_study work criminal_crime vaccine,"[('vaccine', 0.031465729479119936), ('approved emergency usage', 0.030118638298678627), ('study work criminal', 0.030118638298678627), ('crime vaccine', 0.030118638298678627), ('crime vaccine approved', 0.030118638298678627), ('usage body', 0.030118638298678627), ('body forcing take', 0.030118638298678627), ('medicine give', 0.030118638298678627), ('usage body forcing', 0.030118638298678627), ('give right travel', 0.030118638298678627)]",negative
31,30,28,30_fight covid19_fight_keep_making people mad,"[('fight covid19', 0.038822631948785435), ('fight', 0.03166016030012386), ('keep', 0.02850919318826095), ('making people mad', 0.025196230769035655), ('message wasnt shared', 0.025196230769035655), ('pm fight', 0.025196230769035655), ('everything fight covid19', 0.025196230769035655), ('fight covid19 doctors', 0.025196230769035655), ('wasnt shared pm', 0.025196230769035655), ('pm fight covid19', 0.025196230769035655)]",negative
32,31,27,31_gst_tax_taxes_pay,"[('gst', 0.05803824966649765), ('tax', 0.04974506078822516), ('taxes', 0.02478643184861973), ('pay', 0.022168884852834605), ('gst amp', 0.021660901530413546), ('taxpayers', 0.017974887483235367), ('defaulters savetravelindustry', 0.016917069196540797), ('defaulters', 0.016917069196540797), ('savetravelindustry', 0.01606441417533154), ('yesbank', 0.014765374438352089)]",negative
33,32,27,32_omicron_variant_cases omicron_omicron variant,"[('omicron', 0.07663390178560435), ('variant', 0.04744818454990968), ('cases omicron', 0.038327790865930515), ('omicron variant', 0.03792230244181999), ('karnataka', 0.033921637427538086), ('two cases omicron', 0.028645779438501752), ('cases omicron variant', 0.028645779438501752), ('two cases', 0.02811971301263657), ('confusion', 0.027883947954647024), ('africa', 0.026147464921697505)]",negative
34,33,26,33_sabrimalaverdict_privatisation disivestment_saleofcountry babrimasjid sabrimalaverdict_saleofcountry,"[('sabrimalaverdict', 0.08006734549241024), ('privatisation disivestment', 0.08006734549241024), ('saleofcountry babrimasjid sabrimalaverdict', 0.08006734549241024), ('saleofcountry', 0.08006734549241024), ('sabrimalaverdict kashmirbleeds', 0.08006734549241024), ('drinkingwater saradhachitfund', 0.08006734549241024), ('saleofcountry babrimasjid', 0.08006734549241024), ('saradhachitfund rajeevkumar', 0.08006734549241024), ('saradhachitfund rajeevkumar rosevalleyscam', 0.08006734549241024), ('education rapebybjpleaders', 0.08006734549241024)]",negative
35,34,26,34_holidays_childrens health_childrens_children,"[('holidays', 0.03800357178735521), ('childrens health', 0.0266288306188568), ('childrens', 0.025306890012790375), ('children', 0.022484987269470402), ('frm', 0.02166996184650446), ('happening childrens health', 0.020415072809372763), ('wave going', 0.020415072809372763), ('health played', 0.020415072809372763), ('taking care children', 0.020415072809372763), ('government taking', 0.020415072809372763)]",negative
36,35,26,35_iamtravelagent_stand government_time save travel_19 badly affected,"[('iamtravelagent', 0.08822615302365401), ('stand government', 0.07719443625338933), ('time save travel', 0.07719443625338933), ('19 badly affected', 0.07719443625338933), ('whole business support', 0.07719443625338933), ('whole business', 0.07719443625338933), ('business support needed', 0.07719443625338933), ('affected whole', 0.07719443625338933), ('affected whole business', 0.07719443625338933), ('business support', 0.07719443625338933)]",negative
37,36,26,36_india_kompally_foreign travel_coronavirus,"[('india', 0.023790852414417918), ('kompally', 0.0206540020309206), ('foreign travel', 0.017746893988650658), ('coronavirus', 0.01688392424151835), ('foreign', 0.01664252262146209), ('testing positive', 0.01644955768218684), ('foreign travel history', 0.01644955768218684), ('underprivileged', 0.016118175471042603), ('slums spread awareness', 0.016118175471042603), ('across slums', 0.016118175471042603)]",negative
38,37,26,37_covid mask_gst_mask_enquiry 9712692194,"[('covid mask', 0.03704178305495642), ('gst', 0.03430857456818939), ('mask', 0.03421880774647038), ('enquiry 9712692194', 0.026285262354337785), ('gen medicineetc', 0.026285262354337785), ('facemask covid mask', 0.026285262354337785), ('facemask covid', 0.026285262354337785), ('handmade', 0.026285262354337785), ('gabbarsinghtax', 0.026285262354337785), ('charged govt sale', 0.026285262354337785)]",negative
39,38,25,38_industry_savetravelagents_tourism_travel industry,"[('industry', 0.04262565178723026), ('savetravelagents', 0.03135184995845454), ('tourism', 0.02575729183280908), ('travel industry', 0.024856404103346934), ('travel industry savetravelagents', 0.02120971509004851), ('industry travel', 0.02120971509004851), ('industry savetravelagents', 0.019998802000535026), ('pandemic', 0.018104659848947463), ('pax', 0.01707276782966711), ('covid19 coronavirus affected', 0.01655184835367155)]",negative
40,39,25,39_lockdown_go morning people_morning people_covid19 wanderwomaniya,"[('lockdown', 0.03391907026651016), ('go morning people', 0.027757673316095296), ('morning people', 0.027757673316095296), ('covid19 wanderwomaniya', 0.027757673316095296), ('go morning', 0.027757673316095296), ('travel wovoyage', 0.027757673316095296), ('think lockdown', 0.027757673316095296), ('think lockdown lift', 0.027757673316095296), ('wait go', 0.027757673316095296), ('f5escapes travel wovoyage', 0.027757673316095296)]",negative
41,40,25,40_highest_gdp_unemployment_india highest,"[('highest', 0.15432731670648878), ('gdp', 0.047520392455190796), ('unemployment', 0.04432478593858047), ('india highest', 0.04401418758399728), ('unemployment highest', 0.04401418758399728), ('atrocities farmers', 0.0394101241522117), ('intrude india', 0.0394101241522117), ('mess negative gdp', 0.0394101241522117), ('atrocities farmers msmes', 0.0394101241522117), ('letting china intrude', 0.0394101241522117)]",negative
42,41,25,41_mental_mental health_stayactivekids_stayactivekids aadya8ampanusha8duringthe coronavirus,"[('mental', 0.04345895010501386), ('mental health', 0.04170241270664889), ('stayactivekids', 0.03360804044359654), ('stayactivekids aadya8ampanusha8duringthe coronavirus', 0.018621127815278807), ('yogaforall yogaconnects', 0.018621127815278807), ('aadya8ampanusha8duringthe', 0.018621127815278807), ('activeholiday yogaforall yogaconnects', 0.018621127815278807), ('yogaconnects eathealthy stayactive', 0.018621127815278807), ('activeholiday yogaforall', 0.018621127815278807), ('stayactivekids indoors stayactivekids', 0.018621127815278807)]",negative
43,42,25,42_nps_belt protest need_sanjeevini health_protest need nps,"[('nps', 0.1646942584901699), ('belt protest need', 0.09439920924403497), ('sanjeevini health', 0.09439920924403497), ('protest need nps', 0.09439920924403497), ('need nps kgid', 0.09439920924403497), ('nps wewantnps', 0.09439920924403497), ('allowance nps wewantnps', 0.09439920924403497), ('nps kgid jyothi', 0.09439920924403497), ('allowance nps', 0.09439920924403497), ('nps wewantnps mededudeptkar', 0.09439920924403497)]",negative
44,43,24,43_amp unpredictablenot_carefree chancesnext_worth taking_taking carefree chancesnext,"[('amp unpredictablenot', 0.03864666972622499), ('carefree chancesnext', 0.03864666972622499), ('worth taking', 0.03864666972622499), ('taking carefree chancesnext', 0.03864666972622499), ('unseen amp unpredictablenot', 0.03864666972622499), ('unseen amp', 0.03864666972622499), ('unseen', 0.03864666972622499), ('notvery strong message', 0.03864666972622499), ('unpredictablenot worth taking', 0.03864666972622499), ('unpredictablenot worth', 0.03864666972622499)]",negative
45,44,24,44_travel health_level_health notice_issued level travel,"[('travel health', 0.03031749464161598), ('level', 0.028400496102361013), ('health notice', 0.026919916576172907), ('issued level travel', 0.026919916576172907), ('health notice india', 0.026919916576172907), ('issued level', 0.026919916576172907), ('travel health notice', 0.026919916576172907), ('level travel health', 0.026919916576172907), ('notice india', 0.026919916576172907), ('level travel', 0.02630042601496086)]",negative
46,45,24,45_workers pm modi_leadershipmoments2021_getting vaccinated frontline_frontline amp healthcare,"[('workers pm modi', 0.09919680947944033), ('leadershipmoments2021', 0.09919680947944033), ('getting vaccinated frontline', 0.09919680947944033), ('frontline amp healthcare', 0.09919680947944033), ('vip treatment vaccination', 0.09919680947944033), ('frontline amp', 0.09919680947944033), ('leadershipmoments2021 vip', 0.09919680947944033), ('pm modi sent', 0.09919680947944033), ('vip treatment', 0.09919680947944033), ('vaccination getting vaccinated', 0.09919680947944033)]",negative
47,46,24,46_bonus_bankers_ubs_bankers scrapiba,"[('bonus', 0.050929665530306464), ('bankers', 0.03908425758226349), ('ubs', 0.022849113357878346), ('bankers scrapiba', 0.022849113357878346), ('scrapiba', 0.022849113357878346), ('thankful', 0.022849113357878346), ('benefits heaped themall', 0.01783121827472829), ('replicate mh', 0.01783121827472829), ('scrapiba bankerskemannkibaat', 0.01783121827472829), ('still standing hope', 0.01783121827472829)]",negative
48,47,23,47_odisha_mp_hell drive_calling 0755,"[('odisha', 0.03339462624943401), ('mp', 0.022851337105432665), ('hell drive', 0.017550153859298024), ('calling 0755', 0.017550153859298024), ('calling 0755 2411180', 0.017550153859298024), ('family medical emergency', 0.017550153859298024), ('currently outside state', 0.017550153859298024), ('covid19 lockdown epass', 0.017550153859298024), ('currently outside', 0.017550153859298024), ('epass calling', 0.017550153859298024)]",negative
49,48,23,48_consultation_covid related_consultation covid_video consultation,"[('consultation', 0.05115498046876086), ('covid related', 0.027368667664041682), ('consultation covid', 0.02349479524589043), ('video consultation', 0.021014414396436917), ('related', 0.02070734280385238), ('91', 0.019183117675785327), ('consultation fees', 0.01735694115625988), ('frnd amp want', 0.01735694115625988), ('covid19 coronavirus note', 0.01735694115625988), ('frnd amp', 0.01735694115625988)]",negative
50,49,23,49_modivideomessage_doesnt religion india_ensuring adequate_finances poor,"[('modivideomessage', 0.01870746266184075), ('doesnt religion india', 0.017565729825242515), ('ensuring adequate', 0.017565729825242515), ('finances poor', 0.017565729825242515), ('pmcares fund enhancing', 0.017565729825242515), ('gear health workers', 0.017565729825242515), ('talk abt', 0.017565729825242515), ('talk abt food', 0.017565729825242515), ('safety gear health', 0.017565729825242515), ('safety gear', 0.017565729825242515)]",negative
51,50,23,50_hooligans_singh chauhan government_hooligans amp_strong message sent,"[('hooligans', 0.027930406730953115), ('singh chauhan government', 0.02584722658362961), ('hooligans amp', 0.02584722658362961), ('strong message sent', 0.02584722658362961), ('act persons involved', 0.02584722658362961), ('pradesh slaps', 0.02584722658362961), ('act persons', 0.02584722658362961), ('slaps national security', 0.02584722658362961), ('amp mobsters', 0.02584722658362961), ('slaps', 0.02584722658362961)]",negative
52,51,23,51_injections_feel_hospital bed_dm,"[('injections', 0.02634704405146149), ('feel', 0.023821564882674385), ('hospital bed', 0.021797539644526902), ('dm', 0.020458415847128115), ('still response soul', 0.020199040292871465), ('health worker loved', 0.020199040292871465), ('loved one', 0.020199040292871465), ('must feel', 0.020199040292871465), ('shattering', 0.020199040292871465), ('must feel like', 0.020199040292871465)]",negative
53,52,22,52_nurses_covid19 warriors ease_please provide hotel_hotel accommodation,"[('nurses', 0.03242458524009831), ('covid19 warriors ease', 0.028649247405477373), ('please provide hotel', 0.028649247405477373), ('hotel accommodation', 0.028649247405477373), ('hotel accommodation covid19', 0.028649247405477373), ('accommodation covid19', 0.028649247405477373), ('request please provide', 0.028649247405477373), ('travel lockdown period', 0.028649247405477373), ('kids request please', 0.028649247405477373), ('troublesa', 0.028649247405477373)]",negative
54,53,22,53_new delhi_goa_detected_new,"[('new delhi', 0.0482642621447418), ('goa', 0.0469533626078566), ('detected', 0.03421184440792474), ('new', 0.03172610657840117), ('covid19 4th', 0.03132639366118724), ('history san francisco', 0.03132639366118724), ('covid19 4th april', 0.03132639366118724), ('delhi goa travelled', 0.03132639366118724), ('delhi via', 0.03132639366118724), ('delhi via air', 0.03132639366118724)]",negative
55,54,22,54_icph_sindhgovt_karachi_karachi stayathomesavelives,"[('icph', 0.03675295823581446), ('sindhgovt', 0.0355818679127203), ('karachi', 0.03239538592781604), ('karachi stayathomesavelives', 0.02511591194310991), ('workplace mosquefollow', 0.02511591194310991), ('un coronaviruspandemic', 0.02511591194310991), ('icph karachi stayathomesavelives', 0.02511591194310991), ('un coronaviruspandemic icph', 0.02511591194310991), ('stayhome covid19 sindhgovt', 0.02511591194310991), ('covid19 sindhgovt un', 0.02511591194310991)]",negative
56,55,22,55_covaxin_international_travellers fly_health minister need,"[('covaxin', 0.05883624509035542), ('international', 0.03975875801888343), ('travellers fly', 0.03785561983447238), ('health minister need', 0.03785561983447238), ('get affected taken', 0.03785561983447238), ('pm amp health', 0.03785561983447238), ('travler get affected', 0.03785561983447238), ('still included', 0.03785561983447238), ('travler', 0.03785561983447238), ('travellers fly safely', 0.03785561983447238)]",negative
57,56,22,56_corona_corona virus_covd19_virus,"[('corona', 0.06955150885410673), ('corona virus', 0.05806066930742358), ('covd19', 0.053070046361944165), ('virus', 0.04192224027406514), ('curfew lovelife store77', 0.03870523777751642), ('store77 store77in store77india', 0.03870523777751642), ('store77india store77lifelovelifelovestore77 storeseventyseven', 0.03870523777751642), ('curfew lovelife', 0.03870523777751642), ('store77lifelovelifelovestore77', 0.03870523777751642), ('store77lifelovelifelovestore77 storeseventyseven', 0.03870523777751642)]",negative
58,57,22,57_shared private_concern shared_please reach us_resolution stated,"[('shared private', 0.06477863637370665), ('concern shared', 0.06477863637370665), ('please reach us', 0.06477863637370665), ('resolution stated', 0.06477863637370665), ('resolution stated concern', 0.06477863637370665), ('private message', 0.06477863637370665), ('please assured corrective', 0.06477863637370665), ('please assured', 0.06477863637370665), ('us assistance', 0.06477863637370665), ('corrective measures taken', 0.06477863637370665)]",negative
59,58,22,58_test_rt pcr_pcr_pcr test,"[('test', 0.044223977100022197), ('rt pcr', 0.03472047577600926), ('pcr', 0.03362808489281675), ('pcr test', 0.033585869650363524), ('rt pcr test', 0.033585869650363524), ('rt', 0.03142725190371644), ('rtpcr', 0.02179480640621133), ('rtpcr test', 0.02032230932890839), ('lab', 0.020250663617716255), ('jaipur airport', 0.018956979819963197)]",negative
60,59,21,59_resignation_decide immediately_forwarded messages_dont see,"[('resignation', 0.05450875984383804), ('decide immediately', 0.02083597561709611), ('forwarded messages', 0.02018124378160021), ('dont see', 0.018457432770409024), ('decide', 0.01786930811475821), ('content', 0.01737991015298934), ('constitution', 0.01737991015298934), ('resign', 0.01659448770581844), ('forwarded', 0.016427228939320172), ('responsible individuals specifically', 0.016260185827615667)]",negative
61,60,21,60_advised avoid_citizens advised_citizens advised avoid_indian citizens advised,"[('advised avoid', 0.056164609966847745), ('citizens advised', 0.05156722755548122), ('citizens advised avoid', 0.05156722755548122), ('indian citizens advised', 0.05156722755548122), ('indian citizens', 0.04921185720499379), ('advised', 0.04758640402984664), ('countries available', 0.04116676473340902), ('advised avoid travel', 0.04116676473340902), ('avoid travel covid19', 0.04116676473340902), ('affected countries available', 0.04116676473340902)]",negative
62,61,21,61_pay full_pay full salary_full salary_salary many private,"[('pay full', 0.04047338855704105), ('pay full salary', 0.04047338855704105), ('full salary', 0.038415781401837296), ('salary many private', 0.03785561983447238), ('many private organisations', 0.03785561983447238), ('forcefully paying less', 0.03785561983447238), ('difficult situations', 0.03785561983447238), ('work home difficult', 0.03785561983447238), ('organisations asking', 0.03785561983447238), ('action taken employer', 0.03785561983447238)]",negative
63,62,21,62_travel history_history_change policy doctor4covid_days dr vijayabaskartamilnadu,"[('travel history', 0.041729646147951056), ('history', 0.0407080114721457), ('change policy doctor4covid', 0.022960031383887466), ('days dr vijayabaskartamilnadu', 0.022960031383887466), ('subsequent mandatory tests', 0.022960031383887466), ('needs change policy', 0.022960031383887466), ('days dr', 0.022960031383887466), ('covid19 indiafightscornona', 0.022960031383887466), ('dr vijayabaskartamilnadu health', 0.022960031383887466), ('subsequent mandatory', 0.022960031383887466)]",negative
64,63,20,63_zones_get 13 yrs_get 13_yrs jail,"[('zones', 0.06523595842356751), ('get 13 yrs', 0.03315123212688746), ('get 13', 0.03315123212688746), ('yrs jail', 0.03315123212688746), ('13 yrs', 0.03315123212688746), ('13 yrs jail', 0.03315123212688746), ('yrs', 0.02925785405220028), ('jail', 0.02925785405220028), ('andor', 0.02868406987006624), ('government impose red', 0.025979026288073654)]",negative
65,64,20,64_forecasting_survillance_survillance monitoring_person send,"[('forecasting', 0.020881971148259678), ('survillance', 0.020881971148259678), ('survillance monitoring', 0.020881971148259678), ('person send', 0.020881971148259678), ('email provided', 0.020881971148259678), ('email provided daignosing', 0.020881971148259678), ('send officials', 0.020881971148259678), ('send officials email', 0.020881971148259678), ('using ai based', 0.020881971148259678), ('using ai', 0.020881971148259678)]",negative
66,65,20,65_ping_click_discount_online,"[('ping', 0.03369491627448662), ('click', 0.029657453799070976), ('discount', 0.027287625286332017), ('online', 0.027148621220796743), ('medicines', 0.025926967504762574), ('patriots karnan covid19', 0.025054678910782648), ('steps discount', 0.025054678910782648), ('karnan', 0.025054678910782648), ('travelling order medicines', 0.025054678910782648), ('vaccinationday vaccination', 0.025054678910782648)]",negative
67,66,20,66_pharma_indian pharma_pharmaindustry_feb20 feb21 journey,"[('pharma', 0.0921581209476504), ('indian pharma', 0.040481519216259414), ('pharmaindustry', 0.03231690468202399), ('feb20 feb21 journey', 0.03231690468202399), ('feb21 journey', 0.03231690468202399), ('feb21', 0.03231690468202399), ('dezinlife', 0.03231690468202399), ('pharmamarketing', 0.03231690468202399), ('pharma business', 0.03231690468202399), ('dezinconsulting', 0.03231690468202399)]",negative
68,67,20,67_women_view article_article_view,"[('women', 0.04801640185177069), ('view article', 0.03408765428127552), ('article', 0.03050764032411204), ('view', 0.030381182373625637), ('stigmabase', 0.026010646518776825), ('indian women', 0.02346896689766008), ('article stigmabase', 0.0207803941703387), ('view article stigmabase', 0.0207803941703387), ('women across', 0.019384288791314826), ('abortion', 0.019384288791314826)]",negative
69,68,20,68_private airline operators_collective purpose fighting_airline operators related_airline operators,"[('private airline operators', 0.0259165285757853), ('collective purpose fighting', 0.0259165285757853), ('airline operators related', 0.0259165285757853), ('airline operators', 0.0259165285757853), ('work tirelessly serve', 0.0259165285757853), ('work tirelessly', 0.0259165285757853), ('agencies work tirelessly', 0.0259165285757853), ('agencies work', 0.0259165285757853), ('medical cargo', 0.0259165285757853), ('operators related agencies', 0.0259165285757853)]",negative
70,69,19,69_milk_treats_healthyfood_food,"[('milk', 0.033560244346930716), ('treats', 0.031346071293610424), ('healthyfood', 0.03070662688012058), ('food', 0.027231862911840272), ('worldfoodsafetyday', 0.02268473124739001), ('healthylifestyle', 0.02214073138951456), ('healthy', 0.0217427499118134), ('good eathealthy avoidsugar', 0.017702936128866933), ('treats good eathealthy', 0.017702936128866933), ('treats binging holiday', 0.017702936128866933)]",negative
71,70,19,70_parents_sister_lockdown theyre_saharanpurup see,"[('parents', 0.06485286145710045), ('sister', 0.04215644811815727), ('lockdown theyre', 0.04152958662112484), ('saharanpurup see', 0.04152958662112484), ('cousin labour', 0.04152958662112484), ('lockdown theyre stuck', 0.04152958662112484), ('sister alone house', 0.04152958662112484), ('emergency happened', 0.04152958662112484), ('go saharanpurup', 0.04152958662112484), ('plz allow parents', 0.04152958662112484)]",negative
72,71,19,71_coronainpakistan_pmimrankhan_moment covid19 active_bless kind,"[('coronainpakistan', 0.060079790934952984), ('pmimrankhan', 0.04785347100246909), ('moment covid19 active', 0.03395735669633993), ('bless kind', 0.03395735669633993), ('ehsaasemergencycash', 0.03395735669633993), ('pmimrankhan really', 0.03395735669633993), ('coronainpakistan message alarming', 0.03395735669633993), ('pakistan coronainpakistan awake', 0.03395735669633993), ('pakistan coronainpakistan', 0.03395735669633993), ('lockdownextention ptigovernment taking', 0.03395735669633993)]",negative
73,72,19,72_fees_bjp bjp_bjp_bjp bjp bjp,"[('fees', 0.04335878074660616), ('bjp bjp', 0.04291390617516234), ('bjp', 0.034494348566179014), ('bjp bjp bjp', 0.030970366986939658), ('fee', 0.02904330568492474), ('facing guardians', 0.026511240384393793), ('wellsome farmersworkers sondaughter', 0.026511240384393793), ('2ndyrs', 0.026511240384393793), ('wellsome', 0.026511240384393793), ('facing guardians lockdown', 0.026511240384393793)]",negative
74,73,19,73_firecrackers_rajkot_bursting_bursting firecrackers,"[('firecrackers', 0.06875205322312944), ('rajkot', 0.03675603994054377), ('bursting', 0.03675603994054377), ('bursting firecrackers', 0.03675603994054377), ('sale', 0.03350541286226942), ('ban', 0.03339491031928605), ('firecrackers diwali', 0.031463889686972855), ('bursting firecrackers diwali', 0.031463889686972855), ('diwali', 0.030156727569318583), ('air pollution', 0.02992516421574072)]",negative
75,74,19,74_transport system_apart health safety_public transport system_restored,"[('transport system', 0.09467495853676842), ('apart health safety', 0.09467495853676842), ('public transport system', 0.09467495853676842), ('restored', 0.09467495853676842), ('restored students going', 0.09467495853676842), ('restored students', 0.09467495853676842), ('health safety measures', 0.09467495853676842), ('examsincovidasuicide', 0.09467495853676842), ('students going', 0.09362034162333849), ('travel hundreds', 0.0926298862923144)]",negative
76,75,18,75_oxygen_delhi ncr_ncr_oxygen supply,"[('oxygen', 0.09007482046681589), ('delhi ncr', 0.03360234377746927), ('ncr', 0.03128277333200602), ('oxygen supply', 0.024317565373166157), ('supply', 0.020563421831397522), ('tn cm', 0.018977183459479467), ('hospitals delhi ncr', 0.018977183459479467), ('concentrators', 0.018977183459479467), ('limit sale delhi', 0.018977183459479467), ('salem govt', 0.018977183459479467)]",negative
77,76,18,76_discount_get discount_nutrition_rupees prescribed,"[('discount', 0.0652370821863713), ('get discount', 0.041779003806524134), ('nutrition', 0.035211410195005), ('rupees prescribed', 0.02695023626826677), ('medicine drugs', 0.02695023626826677), ('upto 20 15', 0.02695023626826677), ('rupees prescribed medications', 0.02695023626826677), ('immunity tablet', 0.02695023626826677), ('discount sidodhy medicine', 0.02695023626826677), ('300 rupees', 0.02695023626826677)]",negative
78,77,17,77_uttar_uttar pradesh_bengal_people returned,"[('uttar', 0.029051018323039475), ('uttar pradesh', 0.029051018323039475), ('bengal', 0.026571317883133386), ('people returned', 0.024317565373166157), ('people returned home', 0.024317565373166157), ('pradesh', 0.023438654105184444), ('returned home', 0.02085518222133735), ('travelled', 0.019655455339239174), ('pradesh middleaged', 0.018977183459479467), ('couple uttar', 0.018977183459479467)]",negative
79,78,17,78_quarantine_airconditioned_show_train,"[('quarantine', 0.030543105929686346), ('airconditioned', 0.028928235260433137), ('show', 0.02742588292116841), ('train', 0.02639743096153352), ('trains', 0.024008171584574214), ('screened', 0.023285793431289083), ('destination', 0.022807223053368072), ('route built amp', 0.02257530387075692), ('quarantine facilities show', 0.02257530387075692), ('facilities show show', 0.02257530387075692)]",negative
80,79,17,79_back savetravelindustry_tcs india_really rationalise_economy even half,"[('back savetravelindustry', 0.05086092583722944), ('tcs india', 0.05086092583722944), ('really rationalise', 0.05086092583722944), ('economy even half', 0.05086092583722944), ('half goes smoke', 0.05086092583722944), ('half goes', 0.05086092583722944), ('perish tcs india', 0.05086092583722944), ('industry globally', 0.05086092583722944), ('industry globally trillion', 0.05086092583722944), ('economy even', 0.05086092583722944)]",negative
81,80,17,80_jokers pelting_jokers_absolutely justified_idiots well,"[('jokers pelting', 0.029747677522228882), ('jokers', 0.029747677522228882), ('absolutely justified', 0.029747677522228882), ('idiots well', 0.029747677522228882), ('idiots well said', 0.029747677522228882), ('problem statement born', 0.029747677522228882), ('statement born idiots', 0.029747677522228882), ('statement born', 0.029747677522228882), ('message salmankhan', 0.029747677522228882), ('message salmankhan calling', 0.029747677522228882)]",negative
82,81,17,81_monkeypox_international airports_airports_travelled abroad,"[('monkeypox', 0.09657227714280321), ('international airports', 0.03833229246168782), ('airports', 0.03526483943148472), ('travelled abroad', 0.03470885282752416), ('contact travelled abroad', 0.033586087525097126), ('cmo ghaziabad', 0.033586087525097126), ('close contact travelled', 0.033586087525097126), ('month cmo', 0.033586087525097126), ('month cmo ghaziabad', 0.033586087525097126), ('samples 5yrold girl', 0.033586087525097126)]",negative
83,82,17,82_days money pumped_sit without_women sit without_allowance free food,"[('days money pumped', 0.03529676466478222), ('sit without', 0.03529676466478222), ('women sit without', 0.03529676466478222), ('allowance free food', 0.03529676466478222), ('bonus gratuity', 0.03529676466478222), ('without daily allowance', 0.03529676466478222), ('without daily', 0.03529676466478222), ('matter days', 0.03529676466478222), ('protests fizzle', 0.03529676466478222), ('protests fizzle matter', 0.03529676466478222)]",negative
84,83,17,83_plasma_plasma treatment_bhiwandi_ammar waseem khan,"[('plasma', 0.07664263930268767), ('plasma treatment', 0.03020135110238811), ('bhiwandi', 0.029506347019041864), ('ammar waseem khan', 0.02135334747214816), ('delhi 21 april', 0.02135334747214816), ('related issues doc', 0.02135334747214816), ('delhi critical', 0.02135334747214816), ('delhi critical condition', 0.02135334747214816), ('hospital bhiwandi', 0.02135334747214816), ('hospital 9650774250 plasma', 0.02135334747214816)]",negative
85,84,17,84_rail_cost rail_congressforindia_rail travel,"[('rail', 0.06874493362966867), ('cost rail', 0.055497092490735395), ('congressforindia', 0.054705344996222885), ('rail travel', 0.05397715877116216), ('bear cost rail', 0.05124048498526847), ('rail travel every', 0.05124048498526847), ('congress', 0.05105642141936377), ('cost', 0.05056235728444205), ('bear cost', 0.050451902264304904), ('travel every', 0.04973213181474808)]",negative
86,85,16,85_help man received_got positive covid19_money medical bills_message government got,"[('help man received', 0.026497291120900938), ('got positive covid19', 0.026497291120900938), ('money medical bills', 0.026497291120900938), ('message government got', 0.026497291120900938), ('received message government', 0.026497291120900938), ('government got', 0.026497291120900938), ('get help man', 0.026497291120900938), ('covid19 test get', 0.026497291120900938), ('government got positive', 0.026497291120900938), ('positive covid19 test', 0.026497291120900938)]",negative
87,86,16,86_covid19 infections_infections_minister dr joe_rising number,"[('covid19 infections', 0.052047316328810475), ('infections', 0.046538917940837025), ('minister dr joe', 0.03908824520838949), ('rising number', 0.03908824520838949), ('result rising number', 0.03908824520838949), ('result rising', 0.03908824520838949), ('possibility interprovincial travel', 0.03908824520838949), ('possibility interprovincial', 0.03908824520838949), ('phaahla says possibility', 0.03908824520838949), ('phaahla says', 0.03908824520838949)]",negative
88,87,16,87_students_protocols media forum_protocols media_safety protocols media,"[('students', 0.08992084924107563), ('protocols media forum', 0.060278342681996167), ('protocols media', 0.060278342681996167), ('safety protocols media', 0.060278342681996167), ('media forum', 0.060278342681996167), ('exams', 0.05213824763749561), ('media forum supporting', 0.05175546473386412), ('exams students enrolled', 0.05144542116441108), ('accommodation complying covid', 0.05144542116441108), ('get accommodation complying', 0.05144542116441108)]",negative
89,88,16,88_highest bid_bid_highest_highest bid private,"[('highest bid', 0.07520448841512621), ('bid', 0.07227686475872898), ('highest', 0.04905862907189904), ('highest bid private', 0.04215527048233838), ('sale basic', 0.04215527048233838), ('care education amp', 0.04215527048233838), ('food highest', 0.04215527048233838), ('markets take', 0.04215527048233838), ('sale basic fundamental', 0.04215527048233838), ('shareholders health', 0.04215527048233838)]",negative
90,89,16,89_allowances_health workerscovid warriors_including apparel sector_neglected stop,"[('allowances', 0.02172544504656509), ('health workerscovid warriors', 0.021459663853888117), ('including apparel sector', 0.021459663853888117), ('neglected stop', 0.021459663853888117), ('tackle possible', 0.021459663853888117), ('crore pay', 0.021459663853888117), ('create another', 0.021459663853888117), ('needs pgs interns', 0.021459663853888117), ('neglected stop praising', 0.021459663853888117), ('tk10000 crore', 0.021459663853888117)]",negative
91,90,16,90_rural_rural areas_areas_lack,"[('rural', 0.04449383332049827), ('rural areas', 0.04125970306822203), ('areas', 0.03486205525839483), ('lack', 0.03369817039916994), ('services', 0.021534336230165204), ('health issues due', 0.021522228471537938), ('remote rural', 0.021522228471537938), ('remote rural areas', 0.021522228471537938), ('healthcare workers traveling', 0.021522228471537938), ('health making priority', 0.021522228471537938)]",negative
92,91,16,91_wake_public holidays_2021in_crowd management,"[('wake', 0.04907466927861127), ('public holidays', 0.04292828801432549), ('2021in', 0.04104048631398139), ('crowd management', 0.04104048631398139), ('2021in wake', 0.04104048631398139), ('21 feb', 0.04104048631398139), ('2021in wake covid', 0.04104048631398139), ('21 feb 2021in', 0.04104048631398139), ('zoo rani baug', 0.04104048631398139), ('baug 21', 0.04104048631398139)]",negative
93,92,15,92_avoid_crowd avoid_wear mask_wear,"[('avoid', 0.057228040444432124), ('crowd avoid', 0.03855676812206897), ('wear mask', 0.033076388804642996), ('wear', 0.030402625840975788), ('mask', 0.029059776213027095), ('crowd', 0.02810862517626052), ('avoid crowd avoid', 0.027260901816027767), ('avoid crowd', 0.027260901816027767), ('gas', 0.024600698192142716), ('corona', 0.02393091825038691)]",negative
94,93,15,93_wealth_work without_think_give us,"[('wealth', 0.04018423585647199), ('work without', 0.03322822768342725), ('think', 0.027105505446408277), ('give us', 0.0265900424124553), ('work', 0.022112876371975825), ('message drives', 0.02044909796603189), ('safety net afford', 0.02044909796603189), ('without salary work', 0.02044909796603189), ('without salary', 0.02044909796603189), ('without employeeprovided healthcare', 0.02044909796603189)]",negative
95,94,15,94_worship_allah_messageofallahoneid quran sharif_rather allah,"[('worship', 0.1043558107059425), ('allah', 0.10119650041964169), ('messageofallahoneid quran sharif', 0.09568678145796929), ('rather allah', 0.09568678145796929), ('worship rather', 0.09568678145796929), ('ever lord', 0.09568678145796929), ('worship rather allah', 0.09568678145796929), ('disbeliever ever lord', 0.09568678145796929), ('rather allah benefit', 0.09568678145796929), ('ever lord assistant', 0.09568678145796929)]",negative
96,95,15,95_till tomorrow spraying_come house 10_till tomorrow_tomorrow spraying,"[('till tomorrow spraying', 0.04681517037290437), ('come house 10', 0.04681517037290437), ('till tomorrow', 0.04681517037290437), ('tomorrow spraying', 0.04681517037290437), ('tomorrow spraying medicine', 0.04681517037290437), ('house 10 pm', 0.04681517037290437), ('medicine air', 0.04681517037290437), ('medicine air order', 0.04681517037290437), ('house 10', 0.04681517037290437), ('tonight till', 0.04681517037290437)]",negative
97,96,15,96_injection_remdesivir_wholesale rate_covid already,"[('injection', 0.05367413963915627), ('remdesivir', 0.0379907521660362), ('wholesale rate', 0.03466113610973558), ('covid already', 0.03466113610973558), ('7kitem', 0.03466113610973558), ('7kitem wholesale', 0.03466113610973558), ('7kitem wholesale rate', 0.03466113610973558), ('mother suffering fungal', 0.03466113610973558), ('mother suffering', 0.03466113610973558), ('mila ab 55k', 0.03466113610973558)]",negative
98,97,15,97_pak_pakistan_day drug abuse_illicit trafficking,"[('pak', 0.03034194923267304), ('pakistan', 0.020901930189533232), ('day drug abuse', 0.019762255425128765), ('illicit trafficking', 0.019762255425128765), ('trafficking', 0.019762255425128765), ('day drug', 0.019762255425128765), ('international day drug', 0.019762255425128765), ('muslims', 0.019710415254039215), ('drug abuse', 0.019141263252464822), ('illicit', 0.018633981251194892)]",negative
99,98,15,98_korea_laboratories_india need certificate_entering india need,"[('korea', 0.06626727599088467), ('laboratories', 0.05672054666228254), ('india need certificate', 0.05672054666228254), ('entering india need', 0.05672054666228254), ('entering india', 0.05672054666228254), ('certificate tested negative', 0.05672054666228254), ('designated laboratories', 0.05672054666228254), ('certificate tested', 0.05672054666228254), ('need certificate tested', 0.05672054666228254), ('desirous entering', 0.05672054666228254)]",negative
100,99,15,99_exposure_detection_government_history,"[('exposure', 0.0393927892882243), ('detection', 0.028454807575578406), ('government', 0.02590136566951008), ('history', 0.025893151998844115), ('rate low thankfully', 0.025225421147097693), ('official twitter account', 0.025225421147097693), ('exposure virus need', 0.025225421147097693), ('exposure virus', 0.025225421147097693), ('even selected', 0.025225421147097693), ('number deaths', 0.025225421147097693)]",negative
101,100,14,100_kuncicoin_kunciarmy_voting war two_info join kuncicoin,"[('kuncicoin', 0.1566815667249028), ('kunciarmy', 0.08883324401736319), ('voting war two', 0.08883324401736319), ('info join kuncicoin', 0.08883324401736319), ('join kuncicoin', 0.08883324401736319), ('join kuncicoin kunciarmy', 0.08883324401736319), ('kunci', 0.08883324401736319), ('kunci get', 0.08883324401736319), ('kunci get listed', 0.08883324401736319), ('war two', 0.08883324401736319)]",negative
102,101,14,101_rtpcr_karnataka_health official_border,"[('rtpcr', 0.059547880718613236), ('karnataka', 0.05165859581299412), ('health official', 0.04876174875494812), ('border', 0.04806703182985535), ('breakingnews', 0.046368711607700216), ('official', 0.03645635656594338), ('travellers', 0.035447911139935805), ('april announced', 0.032960045052828), ('rtpcr lockdown lockdown2021', 0.032960045052828), ('bangalorenews rtpcr lockdown', 0.032960045052828)]",negative
103,102,14,102_vapi_vapi bhavnagar_bhavnagar_600kmsif,"[('vapi', 0.04727631992352627), ('vapi bhavnagar', 0.04727631992352627), ('bhavnagar', 0.04727631992352627), ('600kmsif', 0.02608524510861312), ('go andhra', 0.02608524510861312), ('give exams noo', 0.02608524510861312), ('covid situation travel', 0.02608524510861312), ('take immediate step', 0.02608524510861312), ('options due', 0.02608524510861312), ('total distance vapi', 0.02608524510861312)]",negative
104,103,14,103_holiday_adults fully_adults fully vaccinated_adults,"[('holiday', 0.05053098523475476), ('adults fully', 0.04547852370270017), ('adults fully vaccinated', 0.04547852370270017), ('adults', 0.044049445561762), ('coronavirus update', 0.037934996199313266), ('sir orders health', 0.035490982527584196), ('4th healthcare centres', 0.035490982527584196), ('holiday day', 0.035490982527584196), ('workers nurses', 0.035490982527584196), ('thane closed', 0.035490982527584196)]",negative
105,104,14,104_ballia_pallavi_hid_infected,"[('ballia', 0.036857296248919924), ('pallavi', 0.030714413540766605), ('hid', 0.029972126330963612), ('infected', 0.027802353687725555), ('jain secy health', 0.026059319366836458), ('department instead getting', 0.026059319366836458), ('sons travel', 0.026059319366836458), ('sons travel history', 0.026059319366836458), ('govt docs attend', 0.026059319366836458), ('hosp called govt', 0.026059319366836458)]",negative
106,105,14,105_indian council_medical research_indian council medical_council medical research,"[('indian council', 0.04330604564466314), ('medical research', 0.04330604564466314), ('indian council medical', 0.04330604564466314), ('council medical research', 0.04330604564466314), ('council medical', 0.04330604564466314), ('total', 0.043258887388683706), ('positive cases', 0.04308118021056625), ('council', 0.042688221329954576), ('total number', 0.03942783625378322), ('covid19 positive cases', 0.038718440776298185)]",negative
107,106,14,106_risk allowance_risk allowance given_allowance given_covid19 risk,"[('risk allowance', 0.06081491325498008), ('risk allowance given', 0.057918608391159886), ('allowance given', 0.0544134706348422), ('covid19 risk', 0.04957946253704813), ('providers except', 0.04957946253704813), ('covid19 risk allowance', 0.04957946253704813), ('even covid19', 0.04715480421874295), ('allowance', 0.04380944430335556), ('risk', 0.040166588088130166), ('providers', 0.039968333287565244)]",negative
108,107,14,107_names_name_back given_almost month back,"[('names', 0.05858018055211833), ('name', 0.05591490979153112), ('back given', 0.03878028561842879), ('almost month back', 0.03878028561842879), ('nagar regional centre', 0.03878028561842879), ('nagar regional', 0.03878028561842879), ('given name warjekarve', 0.03878028561842879), ('worker name still', 0.03878028561842879), ('missing list havent', 0.03878028561842879), ('missing list', 0.03878028561842879)]",negative
109,108,14,108_tourism_carona_salam world_cdcglobal,"[('tourism', 0.054547731041941355), ('carona', 0.050579994932417695), ('salam world', 0.048943828401957774), ('cdcglobal', 0.048943828401957774), ('adil travel', 0.048943828401957774), ('namaste adab salam', 0.048943828401957774), ('adiltraveltourism mood carona', 0.048943828401957774), ('adab salam world', 0.048943828401957774), ('saynotohandshake namaste adab', 0.048943828401957774), ('mask cdcglobal adil', 0.048943828401957774)]",negative
110,109,14,109_peak_non peak_relief_non,"[('peak', 0.03157837857887629), ('non peak', 0.02956104040675511), ('relief', 0.02861509655424545), ('non', 0.025715972517738946), ('parking', 0.024657747529553624), ('soon possible', 0.023081712473568928), ('message received last', 0.023069138642929726), ('true palse', 0.023069138642929726), ('received last week', 0.023069138642929726), ('effort putting fight', 0.023069138642929726)]",negative
111,110,14,110_omicron_doctor_omicron hope authentic_pune covidvaccine,"[('omicron', 0.05379717958094252), ('doctor', 0.04691795674675251), ('omicron hope authentic', 0.040469455286424455), ('pune covidvaccine', 0.040469455286424455), ('pune covidvaccine maskup', 0.040469455286424455), ('confusing opinions', 0.040469455286424455), ('confusing opinions advice', 0.040469455286424455), ('omicron hope', 0.040469455286424455), ('omicronvariant omicronindia', 0.040469455286424455), ('covidvariant travel india', 0.040469455286424455)]",negative
112,111,13,111_protection_insurance_20l_protection 8249397568 7008550052,"[('protection', 0.07550414075319037), ('insurance', 0.05719820852058697), ('20l', 0.05465900962129559), ('protection 8249397568 7008550052', 0.04795411662493883), ('8249397568 7008550052 insurance', 0.04795411662493883), ('insurance health healthinsurance', 0.04795411662493883), ('1cr', 0.04795411662493883), ('1cr life', 0.04795411662493883), ('1cr life 20l', 0.04795411662493883), ('60 discount', 0.04795411662493883)]",negative
113,112,13,112_doctors_holiday_wards_extra allowance,"[('doctors', 0.03127948700868473), ('holiday', 0.031257828784621536), ('wards', 0.03062999994658427), ('extra allowance', 0.02744284150831789), ('without extra allowance', 0.02744284150831789), ('without extra', 0.02744284150831789), ('overburdened', 0.02744284150831789), ('come sunday without', 0.02744284150831789), ('come sunday', 0.02744284150831789), ('sunday without', 0.02744284150831789)]",negative
114,113,13,113_people form countries_fully vaccinated person_traveling fully vaccinated_traveling people,"[('people form countries', 0.04614406307395919), ('fully vaccinated person', 0.04614406307395919), ('traveling fully vaccinated', 0.04614406307395919), ('traveling people', 0.04614406307395919), ('role vaccine', 0.04614406307395919), ('omicron traveling people', 0.04614406307395919), ('traveling people form', 0.04614406307395919), ('vaccinated person', 0.04614406307395919), ('role vaccine covid', 0.04614406307395919), ('covid 19 pmoindia', 0.04614406307395919)]",negative
115,114,13,114_news live updates_live updates_news live_mongolia,"[('news live updates', 0.06747727293956403), ('live updates', 0.06747727293956403), ('news live', 0.06747727293956403), ('mongolia', 0.05919999353255723), ('coronavirus news', 0.05919999353255723), ('coronavirus news live', 0.05919999353255723), ('unitingpeoplewiththepossibilities coronavirus news', 0.05919999353255723), ('entry travellers', 0.05919999353255723), ('entry travellers india', 0.05919999353255723), ('zealand', 0.05665780269473576)]",negative
116,115,13,115_yogateacher_yogateacher yogatravel_yogatravel_yogainstructor,"[('yogateacher', 0.10165584909929862), ('yogateacher yogatravel', 0.10165584909929862), ('yogatravel', 0.10165584909929862), ('yogainstructor', 0.09453318297150691), ('yogainspiration yogateacher', 0.09453318297150691), ('yogainspiration yogateacher yogatravel', 0.09453318297150691), ('yogainstructor yogainspiration', 0.09453318297150691), ('yogainstructor yogainspiration yogateacher', 0.09453318297150691), ('yogastretch', 0.09453318297150691), ('yogainspiration', 0.09453318297150691)]",negative
117,116,13,116_land forsale_residentialplot_forsale_residential,"[('land forsale', 0.1490933571554405), ('residentialplot', 0.1490933571554405), ('forsale', 0.14387777307617716), ('residential', 0.13956384286344004), ('residentialplot land', 0.13948128132229345), ('residentialplot land forsale', 0.13948128132229345), ('plots', 0.1376246373742528), ('short span time', 0.12970832082136993), ('wardharoad', 0.12970832082136993), ('time residential', 0.12970832082136993)]",negative
118,117,13,117_sense_single day_loss sense_loss,"[('sense', 0.04990936652492218), ('single day', 0.04885231690699597), ('loss sense', 0.04194106124877095), ('loss', 0.04047710119000787), ('smell', 0.03345000890546051), ('single', 0.03178439405994516), ('critical situation need', 0.029653708245020803), ('safety low', 0.029653708245020803), ('quality mask used', 0.029653708245020803), ('quality mask', 0.029653708245020803)]",negative
119,118,13,118_kidney_exlent_7303550318_ramesh kumar pandey,"[('kidney', 0.08234342834252288), ('exlent', 0.05385767995377616), ('7303550318', 0.048106825502654486), ('ramesh kumar pandey', 0.048106825502654486), ('7303550318 ramesh', 0.048106825502654486), ('7303550318 ramesh kumar', 0.048106825502654486), ('needed fund', 0.048106825502654486), ('kidney needed', 0.048106825502654486), ('kidney pls', 0.048106825502654486), ('kidney needed fund', 0.048106825502654486)]",negative
120,119,13,119_invest_dont invest_suicides_speak,"[('invest', 0.11148902628742727), ('dont invest', 0.06442597941640393), ('suicides', 0.04410534649056145), ('speak', 0.0410561579552445), ('invest crematoriums dont', 0.03569635067985522), ('education invest jails', 0.03569635067985522), ('strong message dont', 0.03569635067985522), ('invest health', 0.03569635067985522), ('dont invest health', 0.03569635067985522), ('dont invest education', 0.03569635067985522)]",negative
121,120,13,120_lots_bed ambulance comes_several follow ups_hai saw lots,"[('lots', 0.03933829182098994), ('bed ambulance comes', 0.026497291120900938), ('several follow ups', 0.026497291120900938), ('hai saw lots', 0.026497291120900938), ('sorry convinced', 0.026497291120900938), ('hospital vyavastha', 0.026497291120900938), ('getting bed', 0.026497291120900938), ('sorry convinced sarkar', 0.026497291120900938), ('lab reports allowed', 0.026497291120900938), ('open questions', 0.026497291120900938)]",negative
122,121,13,121_avoid touching eyes_respiratory hygiene avoid_eyes nose_touching eyes,"[('avoid touching eyes', 0.057292838164549637), ('respiratory hygiene avoid', 0.057292838164549637), ('eyes nose', 0.057292838164549637), ('touching eyes', 0.057292838164549637), ('touching eyes nose', 0.057292838164549637), ('hygiene avoid touching', 0.057292838164549637), ('mouth stayathome', 0.057292838164549637), ('hygiene avoid', 0.05647547172183256), ('avoid touching', 0.0543801550917408), ('nose', 0.054144439955900674)]",negative
123,122,13,122_mamtafoodplaza mamta food_food plaza restaurant_besafe stayhome takecare_stayhome takecare,"[('mamtafoodplaza mamta food', 0.1019736384360293), ('food plaza restaurant', 0.1019736384360293), ('besafe stayhome takecare', 0.1019736384360293), ('stayhome takecare', 0.1019736384360293), ('stayhome takecare bestwishes', 0.1019736384360293), ('banquets', 0.1019736384360293), ('takecare bestwishes', 0.1019736384360293), ('amp banquets', 0.1019736384360293), ('takecare bestwishes mamtatravels', 0.1019736384360293), ('besafe stayhome', 0.1019736384360293)]",negative
124,123,12,123_learn_productivity_work_time,"[('learn', 0.037528591484036866), ('productivity', 0.03380916854924906), ('work', 0.029456636052705803), ('time', 0.028751565927882732), ('workfromhome', 0.02841413269738191), ('yet havent experienced', 0.027240311312684548), ('amp fro travelling', 0.027240311312684548), ('able focus', 0.027240311312684548), ('ive able', 0.027240311312684548), ('since showered', 0.027240311312684548)]",negative
125,124,12,124_flyai_air_resumption domestic_air india,"[('flyai', 0.05538691410777774), ('air', 0.04465878422420335), ('resumption domestic', 0.04008276665322726), ('air india', 0.03568178370494496), ('resumption', 0.033016714180787526), ('air india wewillgoagain', 0.03128018799041319), ('wewillgoagain', 0.03128018799041319), ('flyai clarification regarding', 0.03128018799041319), ('news resumption', 0.03128018799041319), ('news resumption domestic', 0.03128018799041319)]",negative
126,125,12,125_healthy stay_stay healthy stay_saying stay healthy_saying stay,"[('healthy stay', 0.1655345288697306), ('stay healthy stay', 0.1655345288697306), ('saying stay healthy', 0.1655345288697306), ('saying stay', 0.1655345288697306), ('healthy stay safe', 0.1655345288697306), ('stay safe replied', 0.1655345288697306), ('safe replied', 0.1655345288697306), ('bank messaged saying', 0.15378705376560559), ('messaged saying', 0.15378705376560559), ('messaged saying stay', 0.15378705376560559)]",negative
127,126,12,126_travelphotography_chennai_photographer_gopro,"[('travelphotography', 0.046671126000135905), ('chennai', 0.045756447526643214), ('photographer', 0.040800646917405564), ('gopro', 0.03619719233480217), ('instagood', 0.03505976279405546), ('nature', 0.029136943056243095), ('sonyfujifilm', 0.026487693967635034), ('positivevibes', 0.026487693967635034), ('positivevibes bnwphotography', 0.026487693967635034), ('goproworld goprofamilymember goprooftheday', 0.026487693967635034)]",negative
128,127,12,127_dialysis_monthly checkup_first vaccine_purpose travel medical,"[('dialysis', 0.02853749022136959), ('monthly checkup', 0.027962592294460274), ('first vaccine', 0.027962592294460274), ('purpose travel medical', 0.027962592294460274), ('type vehicle purpose', 0.027962592294460274), ('type vehicle', 0.027962592294460274), ('travel place put', 0.027962592294460274), ('month pregnant monthly', 0.027962592294460274), ('travel place', 0.027962592294460274), ('monthly checkup native', 0.027962592294460274)]",negative
129,128,12,128_shortage_hospitals etc_loud amp_etc pandemic,"[('shortage', 0.042583513093912104), ('hospitals etc', 0.029106255169728108), ('loud amp', 0.029106255169728108), ('etc pandemic', 0.029106255169728108), ('covid care centres', 0.029106255169728108), ('go loud amp', 0.029106255169728108), ('pandemic warned center', 0.029106255169728108), ('go loud', 0.029106255169728108), ('shortage condition', 0.029106255169728108), ('hospitals etc pandemic', 0.029106255169728108)]",negative
130,129,12,129_jawan_leaders russia_brics summit soon_inadvisable health,"[('jawan', 0.05048754165418088), ('leaders russia', 0.03569635067985522), ('brics summit soon', 0.03569635067985522), ('inadvisable health', 0.03569635067985522), ('africa india', 0.03569635067985522), ('summit soon take', 0.03569635067985522), ('india travel prc', 0.03569635067985522), ('soon take place', 0.03569635067985522), ('inadvisable', 0.03569635067985522), ('clearly inadvisable health', 0.03569635067985522)]",negative
131,130,12,130_working dedicated covid19_facilities across country_across country shared_workers national doctors,"[('working dedicated covid19', 0.0688918895119663), ('facilities across country', 0.0688918895119663), ('across country shared', 0.0688918895119663), ('workers national doctors', 0.0688918895119663), ('women healthcare', 0.0688918895119663), ('workers working dedicated', 0.0688918895119663), ('women healthcare workers', 0.0688918895119663), ('shared view article', 0.0688918895119663), ('say health', 0.0688918895119663), ('shared view', 0.0688918895119663)]",negative
132,131,12,131_blood_come_like buying medicine_keepdistance dont,"[('blood', 0.05706883808891635), ('come', 0.043898593908222254), ('like buying medicine', 0.04372287104038541), ('keepdistance dont', 0.04372287104038541), ('travellers pl refrain', 0.04372287104038541), ('come one one', 0.04372287104038541), ('come unavoidable like', 0.04372287104038541), ('come one', 0.04372287104038541), ('come unavoidable', 0.04372287104038541), ('blood bank', 0.04372287104038541)]",negative
133,132,11,132_foreign travel_travel thatll_something anyway_done test,"[('foreign travel', 0.03661296147208109), ('travel thatll', 0.03325281245827708), ('something anyway', 0.03325281245827708), ('done test', 0.03325281245827708), ('incoming passengers countries', 0.03325281245827708), ('upon founded', 0.03325281245827708), ('done upon founded', 0.03325281245827708), ('upon founded test', 0.03325281245827708), ('mean inconvenience', 0.03325281245827708), ('conceal information foreign', 0.03325281245827708)]",negative
134,133,11,133_dialysis_thinking_odisha_yesi also thinking,"[('dialysis', 0.043972163920865205), ('thinking', 0.03390012689138457), ('odisha', 0.030016181570502946), ('yesi also thinking', 0.028724219321935845), ('sudden decisionmy father', 0.028724219321935845), ('happen travel bangalore', 0.028724219321935845), ('decisionmy father', 0.028724219321935845), ('dialysis patient odisha', 0.028724219321935845), ('issues bcoz hospitals', 0.028724219321935845), ('yesi also', 0.028724219321935845)]",negative
135,134,11,134_cases bihar_bihar_bihar health department_history bihar health,"[('cases bihar', 0.105095280428969), ('bihar', 0.09835715072429028), ('bihar health department', 0.06826121703243843), ('history bihar health', 0.06826121703243843), ('nine total covid19', 0.06826121703243843), ('travel history bihar', 0.06826121703243843), ('total covid19 confirmed', 0.06826121703243843), ('cases bihar travel', 0.06826121703243843), ('history bihar', 0.06826121703243843), ('covid19 confirmed cases', 0.06826121703243843)]",negative
136,135,11,135_sdrf_accommodation food clothing_labourers stranded due_temporary accommodation food,"[('sdrf', 0.06687881481843481), ('accommodation food clothing', 0.06687881481843481), ('labourers stranded due', 0.06687881481843481), ('temporary accommodation food', 0.06687881481843481), ('clothing medical care', 0.06687881481843481), ('food clothing medical', 0.06687881481843481), ('clothing medical', 0.06687881481843481), ('food clothing', 0.06584956074756679), ('clothing', 0.06491012009587249), ('labourers stranded', 0.06491012009587249)]",negative
137,136,11,136_struck_amp hitesh hardoi_workers vikas_workers vikas amp,"[('struck', 0.05780570849419164), ('amp hitesh hardoi', 0.04195185291596381), ('workers vikas', 0.04195185291596381), ('workers vikas amp', 0.04195185291596381), ('hardoi brought company', 0.04195185291596381), ('hitesh', 0.04195185291596381), ('hardoi brought', 0.04195185291596381), ('hitesh hardoi', 0.04195185291596381), ('near bus', 0.04195185291596381), ('near bus stand', 0.04195185291596381)]",negative
138,137,11,137_patient_bardoli_bidar_kalaburagi,"[('patient', 0.06447865710853773), ('bardoli', 0.06323290572350757), ('bidar', 0.049552587179103456), ('kalaburagi', 0.04655374709869833), ('female', 0.04147718344214477), ('samira huusen', 0.035035307148746794), ('ahmedavad 752020 bardoli', 0.035035307148746794), ('ahmedavad 752020', 0.035035307148746794), ('ahmedavad', 0.035035307148746794), ('samira', 0.035035307148746794)]",negative
139,138,11,138_gulf countries_gulf_vaccine_covid vaccine,"[('gulf countries', 0.048687039804795974), ('gulf', 0.048687039804795974), ('vaccine', 0.043007743785871355), ('covid vaccine', 0.03777194802271134), ('visa', 0.032378632573489066), ('vardhan facilitating second', 0.032236350942085205), ('expeditiously expatriates looking', 0.032236350942085205), ('gulf countries congresscares', 0.032236350942085205), ('facilitating second', 0.032236350942085205), ('gulfkanawut breaking', 0.032236350942085205)]",negative
140,139,11,139_beating_spitting_nurses_common public bound,"[('beating', 0.04425419517810631), ('spitting', 0.03847508108146975), ('nurses', 0.03094208185364171), ('common public bound', 0.02828400140129315), ('distancing revealing', 0.02828400140129315), ('public bound', 0.02828400140129315), ('govt officers', 0.02828400140129315), ('govt officers spitting', 0.02828400140129315), ('nurses stoning', 0.02828400140129315), ('gestures nurses spitting', 0.02828400140129315)]",negative
141,140,11,140_delhi_writes states restrict_jeopardise covid19_workers else,"[('delhi', 0.05927899418254366), ('writes states restrict', 0.03370833043715759), ('jeopardise covid19', 0.03370833043715759), ('workers else', 0.03370833043715759), ('workers else jeopardise', 0.03370833043715759), ('restrict movement healthcare', 0.03370833043715759), ('writes states', 0.03370833043715759), ('allow doctors travel', 0.03370833043715759), ('travel delhi writes', 0.03370833043715759), ('states restrict movement', 0.03370833043715759)]",negative
142,141,11,141_fake_wrong way information_covid19 lockdownextension quarantine_message warning deleted,"[('fake', 0.09420525539453027), ('wrong way information', 0.0789852127314353), ('covid19 lockdownextension quarantine', 0.0789852127314353), ('message warning deleted', 0.0789852127314353), ('information circulation covid19', 0.0789852127314353), ('isnt fake', 0.0789852127314353), ('telling us', 0.0789852127314353), ('lockdownextension quarantine', 0.0789852127314353), ('fake wrong way', 0.0789852127314353), ('warning deleted', 0.0789852127314353)]",negative
143,142,11,142_jerusalem_palestinians_children killed_israeli air,"[('jerusalem', 0.0679530047674348), ('palestinians', 0.059107998776517325), ('children killed', 0.05185735867580594), ('israeli air', 0.05185735867580594), ('gaza', 0.05185735867580594), ('israeli air strikes', 0.05185735867580594), ('israeli', 0.05185735867580594), ('air strikes', 0.05066399895130057), ('killed', 0.04877957729259242), ('strikes', 0.04649376044076448)]",negative
144,143,11,143_1000s healthcare workers_1000s healthcare_1000s_dialysis,"[('1000s healthcare workers', 0.04210608766933132), ('1000s healthcare', 0.04210608766933132), ('1000s', 0.04004691093577067), ('dialysis', 0.03462269034210281), ('like chemotherapy', 0.02714016310932909), ('workplace shutdown stop', 0.02714016310932909), ('workplace shutdown', 0.02714016310932909), ('many better', 0.02714016310932909), ('trains treat people', 0.02714016310932909), ('treat people', 0.02714016310932909)]",negative
145,144,10,144_pvt_admission_stops health_amp posters counters,"[('pvt', 0.0306352327474897), ('admission', 0.025000746626592525), ('stops health', 0.02247440700284185), ('amp posters counters', 0.02247440700284185), ('admission forms amp', 0.02247440700284185), ('admission forms', 0.02247440700284185), ('ref admission forms', 0.02247440700284185), ('authorities making', 0.02247440700284185), ('forms amp', 0.02247440700284185), ('statement ref', 0.02247440700284185)]",negative
